id,status,quantity,box__id,observation
1,COM,,1,planilla excel 2023
2,COM,,2,planilla excel 2023
3,COM,,3,planilla excel 2023
4,COM,,4,planilla excel 2023
5,COM,,5,planilla excel 2023
6,COM,,6,planilla excel 2023
7,COM,,7,planilla excel 2023
8,COM,,8,planilla excel 2023
9,COM,,9,planilla excel 2023
10,COM,,10,planilla excel 2023
11,COM,,11,planilla excel 2023
12,COM,,12,planilla excel 2023
13,COM,,13,planilla excel 2023
14,COM,,14,planilla excel 2023
15,COM,,15,planilla excel 2023
16,COM,,16,planilla excel 2023
17,COM,,17,planilla excel 2023
18,COM,,18,planilla excel 2023
19,COM,,19,planilla excel 2023
20,COM,,20,planilla excel 2023
21,COM,,21,planilla excel 2023
22,COM,,22,planilla excel 2023
23,COM,,23,planilla excel 2023
24,COM,,24,planilla excel 2023
25,COM,,25,planilla excel 2023
26,COM,,26,planilla excel 2023
27,COM,,27,planilla excel 2023
28,COM,,28,planilla excel 2023
29,COM,,29,planilla excel 2023
30,COM,,30,planilla excel 2023
31,COM,,31,planilla excel 2023
32,COM,,32,planilla excel 2023
33,COM,,33,planilla excel 2023
34,COM,,34,planilla excel 2023
35,COM,,35,planilla excel 2023
36,COM,,36,planilla excel 2023
37,COM,,37,planilla excel 2023
38,COM,,38,planilla excel 2023
39,COM,,39,planilla excel 2023
40,COM,,40,planilla excel 2023
41,COM,,41,planilla excel 2023
42,COM,,42,planilla excel 2023
43,COM,,43,planilla excel 2023
44,COM,,44,planilla excel 2023
45,COM,,45,planilla excel 2023
46,COM,,46,planilla excel 2023
47,COM,,47,planilla excel 2023
48,COM,,48,planilla excel 2023
49,COM,,49,planilla excel 2023
50,COM,,50,planilla excel 2023
51,COM,,51,planilla excel 2023
52,COM,,52,planilla excel 2023
53,COM,,53,planilla excel 2023
54,COM,,54,planilla excel 2023
55,COM,,55,planilla excel 2023
56,COM,,56,planilla excel 2023
57,COM,,57,planilla excel 2023
58,COM,,58,planilla excel 2023
59,COM,,59,planilla excel 2023
60,COM,,60,planilla excel 2023
61,COM,,61,planilla excel 2023
62,COM,,62,planilla excel 2023
63,COM,,63,planilla excel 2023
64,COM,,64,planilla excel 2023
65,COM,,65,planilla excel 2023
66,COM,,66,planilla excel 2023
67,COM,,67,planilla excel 2023
68,COM,,68,planilla excel 2023
69,COM,,69,planilla excel 2023
70,COM,,70,planilla excel 2023
71,COM,,71,planilla excel 2023
72,COM,,72,planilla excel 2023
73,COM,,73,planilla excel 2023
74,COM,,74,planilla excel 2023
75,COM,,75,planilla excel 2023
76,COM,,76,planilla excel 2023
77,COM,,77,planilla excel 2023
78,COM,,78,planilla excel 2023
79,COM,,79,planilla excel 2023
80,COM,,80,planilla excel 2023
81,COM,,81,planilla excel 2023
82,COM,,82,planilla excel 2023
83,COM,,83,planilla excel 2023
84,COM,,84,planilla excel 2023
85,COM,,85,planilla excel 2023
86,COM,,86,planilla excel 2023
87,COM,,87,planilla excel 2023
88,COM,,88,planilla excel 2023
89,COM,,89,planilla excel 2023
90,COM,,90,planilla excel 2023
91,COM,,91,planilla excel 2023
92,COM,,92,planilla excel 2023
93,COM,,93,planilla excel 2023
94,COM,,94,planilla excel 2023
95,COM,,95,planilla excel 2023
96,COM,,96,planilla excel 2023
97,COM,,97,planilla excel 2023
98,COM,,98,planilla excel 2023
99,COM,,99,planilla excel 2023
100,COM,,100,planilla excel 2023
101,COM,,101,planilla excel 2023
102,COM,,102,planilla excel 2023
103,COM,,103,planilla excel 2023
104,COM,,104,planilla excel 2023
105,COM,,105,planilla excel 2023
106,COM,,106,planilla excel 2023
107,COM,,107,planilla excel 2023
108,COM,,108,planilla excel 2023
109,COM,,109,planilla excel 2023
110,COM,,110,planilla excel 2023
111,COM,,111,planilla excel 2023
112,COM,,112,planilla excel 2023
113,COM,,113,planilla excel 2023
114,COM,,114,planilla excel 2023
115,COM,,115,planilla excel 2023
116,COM,,116,planilla excel 2023
117,COM,,117,planilla excel 2023
118,COM,,118,planilla excel 2023
119,COM,,119,planilla excel 2023
120,COM,,120,planilla excel 2023
121,COM,,121,planilla excel 2023
122,COM,,122,planilla excel 2023
123,COM,,123,planilla excel 2023
124,COM,,124,planilla excel 2023
125,COM,,125,planilla excel 2023
126,COM,,126,planilla excel 2023
127,COM,,127,planilla excel 2023
128,COM,,128,planilla excel 2023
129,COM,,129,planilla excel 2023
130,COM,,130,planilla excel 2023
131,COM,,131,planilla excel 2023
132,COM,,132,planilla excel 2023
133,COM,,133,planilla excel 2023
134,COM,,134,planilla excel 2023
135,COM,,135,planilla excel 2023
136,COM,,136,planilla excel 2023
137,COM,,137,planilla excel 2023
138,COM,,138,planilla excel 2023
139,COM,,139,planilla excel 2023
140,COM,,140,planilla excel 2023
141,COM,,141,planilla excel 2023
142,COM,,142,planilla excel 2023
143,COM,,143,planilla excel 2023
144,COM,,144,planilla excel 2023
145,COM,,145,planilla excel 2023
146,COM,,146,planilla excel 2023
147,COM,,147,planilla excel 2023
148,COM,,148,planilla excel 2023
149,COM,,149,planilla excel 2023
150,COM,,150,planilla excel 2023
151,COM,,151,planilla excel 2023
152,COM,,152,planilla excel 2023
153,COM,,153,planilla excel 2023
154,COM,,154,planilla excel 2023
155,COM,,155,planilla excel 2023
156,COM,,156,planilla excel 2023
157,COM,,157,planilla excel 2023
158,COM,,158,planilla excel 2023
159,COM,,159,planilla excel 2023
160,COM,,160,planilla excel 2023
161,COM,,161,planilla excel 2023
162,COM,,162,planilla excel 2023
163,COM,,163,planilla excel 2023
164,COM,,164,planilla excel 2023
165,COM,,165,planilla excel 2023
166,COM,,166,planilla excel 2023
167,COM,,167,planilla excel 2023
168,COM,,168,planilla excel 2023
169,COM,,169,planilla excel 2023
170,COM,,170,planilla excel 2023
171,COM,,171,planilla excel 2023
172,COM,,172,planilla excel 2023
173,COM,,173,planilla excel 2023
174,COM,,174,planilla excel 2023
175,COM,,175,planilla excel 2023
176,COM,,176,planilla excel 2023
177,COM,,177,planilla excel 2023
178,COM,,178,planilla excel 2023
179,COM,,179,planilla excel 2023
180,COM,,180,planilla excel 2023
181,COM,,181,planilla excel 2023
182,COM,,182,planilla excel 2023
183,COM,,183,planilla excel 2023
184,COM,,184,planilla excel 2023
185,COM,,185,planilla excel 2023
186,COM,,186,planilla excel 2023
187,COM,,187,planilla excel 2023
188,COM,,188,planilla excel 2023
189,COM,,189,planilla excel 2023
190,COM,,190,planilla excel 2023
191,COM,,191,planilla excel 2023
192,COM,,192,planilla excel 2023
193,COM,,193,planilla excel 2023
194,COM,,194,planilla excel 2023
195,COM,,195,planilla excel 2023
196,COM,,196,planilla excel 2023
197,COM,,197,planilla excel 2023
198,COM,,198,planilla excel 2023
199,COM,,199,planilla excel 2023
200,COM,,200,planilla excel 2023
201,COM,,201,planilla excel 2023
202,COM,,202,planilla excel 2023
203,COM,,203,planilla excel 2023
204,COM,,204,planilla excel 2023
205,COM,,205,planilla excel 2023
206,COM,,206,planilla excel 2023
207,COM,,207,planilla excel 2023
208,COM,,208,planilla excel 2023
209,COM,,209,planilla excel 2023
210,COM,,210,planilla excel 2023
211,COM,,211,planilla excel 2023
212,COM,,212,planilla excel 2023
213,COM,,213,planilla excel 2023
214,COM,,214,planilla excel 2023
215,COM,,215,planilla excel 2023
216,COM,,216,planilla excel 2023
217,COM,,217,planilla excel 2023
218,COM,,218,planilla excel 2023
219,COM,,219,planilla excel 2023
220,COM,,220,planilla excel 2023
221,COM,,221,planilla excel 2023
222,COM,,222,planilla excel 2023
223,COM,,223,planilla excel 2023
224,COM,,224,planilla excel 2023
225,COM,,225,planilla excel 2023
226,COM,,226,planilla excel 2023
227,COM,,227,planilla excel 2023
228,COM,,228,planilla excel 2023
229,COM,,229,planilla excel 2023
230,COM,,230,planilla excel 2023
231,COM,,231,planilla excel 2023
232,COM,,232,planilla excel 2023
233,COM,,233,planilla excel 2023
234,COM,,234,planilla excel 2023
235,COM,,235,planilla excel 2023
236,COM,,236,planilla excel 2023
237,COM,,237,planilla excel 2023
238,COM,,238,planilla excel 2023
239,COM,,239,planilla excel 2023
240,COM,,240,planilla excel 2023
241,COM,,241,planilla excel 2023
242,COM,,242,planilla excel 2023
243,COM,,243,planilla excel 2023
244,COM,,244,planilla excel 2023
245,COM,,245,planilla excel 2023
246,COM,,246,planilla excel 2023
247,COM,,247,planilla excel 2023
248,COM,,248,planilla excel 2023
249,COM,,249,planilla excel 2023
250,COM,,250,planilla excel 2023
251,COM,,251,planilla excel 2023
252,COM,,252,planilla excel 2023
253,COM,,253,planilla excel 2023
254,COM,,254,planilla excel 2023
255,COM,,255,planilla excel 2023
256,COM,,256,planilla excel 2023
257,COM,,257,planilla excel 2023
258,COM,,258,planilla excel 2023
259,COM,,259,planilla excel 2023
260,COM,,260,planilla excel 2023
261,COM,,261,planilla excel 2023
262,COM,,262,planilla excel 2023
263,COM,,263,planilla excel 2023
264,COM,,264,planilla excel 2023
265,COM,,265,planilla excel 2023
266,COM,,266,planilla excel 2023
267,COM,,267,planilla excel 2023
268,COM,,268,planilla excel 2023
269,COM,,269,planilla excel 2023
270,COM,,270,planilla excel 2023
271,COM,,271,planilla excel 2023
272,COM,,272,planilla excel 2023
273,COM,,273,planilla excel 2023
274,COM,,274,planilla excel 2023
275,COM,,275,planilla excel 2023
276,COM,,276,planilla excel 2023
277,COM,,277,planilla excel 2023
278,COM,,278,planilla excel 2023
279,COM,,279,planilla excel 2023
280,COM,,280,planilla excel 2023
281,COM,,281,planilla excel 2023
282,COM,,282,planilla excel 2023
283,COM,,283,planilla excel 2023
284,COM,,284,planilla excel 2023
285,COM,,285,planilla excel 2023
286,COM,,286,planilla excel 2023
287,COM,,287,planilla excel 2023
288,COM,,288,planilla excel 2023
289,COM,,289,planilla excel 2023
290,COM,,290,planilla excel 2023
291,COM,,291,planilla excel 2023
292,COM,,292,planilla excel 2023
293,COM,,293,planilla excel 2023
294,COM,,294,planilla excel 2023
295,COM,,295,planilla excel 2023
296,COM,,296,planilla excel 2023
297,COM,,297,planilla excel 2023
298,COM,,298,planilla excel 2023
299,COM,,299,planilla excel 2023
300,COM,,300,planilla excel 2023
301,COM,,301,planilla excel 2023
302,COM,,302,planilla excel 2023
303,COM,,303,planilla excel 2023
304,COM,,304,planilla excel 2023
305,COM,,305,planilla excel 2023
306,COM,,306,planilla excel 2023
307,COM,,307,planilla excel 2023
308,COM,,308,planilla excel 2023
309,COM,,309,planilla excel 2023
310,COM,,310,planilla excel 2023
311,COM,,311,planilla excel 2023
312,COM,,312,planilla excel 2023
313,COM,,313,planilla excel 2023
314,COM,,314,planilla excel 2023
315,COM,,315,planilla excel 2023
316,COM,,316,planilla excel 2023
317,COM,,317,planilla excel 2023
318,COM,,318,planilla excel 2023
319,COM,,319,planilla excel 2023
320,COM,,320,planilla excel 2023
321,COM,,321,planilla excel 2023
322,COM,,322,planilla excel 2023
323,COM,,323,planilla excel 2023
324,COM,,324,planilla excel 2023
325,COM,,325,planilla excel 2023
326,COM,,326,planilla excel 2023
327,COM,,327,planilla excel 2023
328,COM,,328,planilla excel 2023
329,COM,,329,planilla excel 2023
330,COM,,330,planilla excel 2023
331,COM,,331,planilla excel 2023
332,COM,,332,planilla excel 2023
333,COM,,333,planilla excel 2023
334,COM,,334,planilla excel 2023
335,COM,,335,planilla excel 2023
336,COM,,336,planilla excel 2023
337,COM,,337,planilla excel 2023
338,COM,,338,planilla excel 2023
339,COM,,339,planilla excel 2023
340,COM,,340,planilla excel 2023
341,COM,,341,planilla excel 2023
342,COM,,342,planilla excel 2023
343,COM,,343,planilla excel 2023
344,COM,,344,planilla excel 2023
345,COM,,345,planilla excel 2023
346,COM,,346,planilla excel 2023
347,COM,,347,planilla excel 2023
348,COM,,348,planilla excel 2023
349,COM,,349,planilla excel 2023
350,COM,,350,planilla excel 2023
351,COM,,351,planilla excel 2023
352,COM,,352,planilla excel 2023
353,COM,,353,planilla excel 2023
354,COM,,354,planilla excel 2023
355,COM,,355,planilla excel 2023
356,COM,,356,planilla excel 2023
357,COM,,357,planilla excel 2023
358,COM,,358,planilla excel 2023
359,COM,,359,planilla excel 2023
360,COM,,360,planilla excel 2023
361,COM,,361,planilla excel 2023
362,COM,,362,planilla excel 2023
363,COM,,363,planilla excel 2023
364,COM,,364,planilla excel 2023
365,COM,,365,planilla excel 2023
366,COM,,366,planilla excel 2023
367,COM,,367,planilla excel 2023
368,COM,,368,planilla excel 2023
369,COM,,369,planilla excel 2023
370,COM,,370,planilla excel 2023
371,COM,,371,planilla excel 2023
372,COM,,372,planilla excel 2023
373,COM,,373,planilla excel 2023
374,COM,,374,planilla excel 2023
375,COM,,375,planilla excel 2023
376,COM,,376,planilla excel 2023
377,COM,,377,planilla excel 2023
378,COM,,378,planilla excel 2023
379,COM,,379,planilla excel 2023
380,COM,,380,planilla excel 2023
381,COM,,381,planilla excel 2023
382,COM,,382,planilla excel 2023
383,COM,,383,planilla excel 2023
384,COM,,384,planilla excel 2023
385,COM,,385,planilla excel 2023
386,COM,,386,planilla excel 2023
387,COM,,387,planilla excel 2023
388,COM,,388,planilla excel 2023
389,COM,,389,planilla excel 2023
390,COM,,390,planilla excel 2023
391,COM,,391,planilla excel 2023
392,COM,,392,planilla excel 2023
393,COM,,393,planilla excel 2023
394,COM,,394,planilla excel 2023
395,COM,,395,planilla excel 2023
396,COM,,396,planilla excel 2023
397,COM,,397,planilla excel 2023
398,COM,,398,planilla excel 2023
399,COM,,399,planilla excel 2023
400,COM,,400,planilla excel 2023
401,COM,,401,planilla excel 2023
402,COM,,402,planilla excel 2023
403,COM,,403,planilla excel 2023
404,COM,,404,planilla excel 2023
405,COM,,405,planilla excel 2023
406,COM,,406,planilla excel 2023
407,COM,,407,planilla excel 2023
408,COM,,408,planilla excel 2023
409,COM,,409,planilla excel 2023
410,COM,,410,planilla excel 2023
411,COM,,411,planilla excel 2023
412,COM,,412,planilla excel 2023
413,COM,,413,planilla excel 2023
414,COM,,414,planilla excel 2023
415,COM,,415,planilla excel 2023
416,COM,,416,planilla excel 2023
417,COM,,417,planilla excel 2023
418,COM,,418,planilla excel 2023
419,COM,,419,planilla excel 2023
420,COM,,420,planilla excel 2023
421,COM,,421,planilla excel 2023
422,COM,,422,planilla excel 2023
423,COM,,423,planilla excel 2023
424,COM,,424,planilla excel 2023
425,COM,,425,planilla excel 2023
426,COM,,426,planilla excel 2023
427,COM,,427,planilla excel 2023
428,COM,,428,planilla excel 2023
429,COM,,429,planilla excel 2023
430,COM,,430,planilla excel 2023
431,COM,,431,planilla excel 2023
432,COM,,432,planilla excel 2023
433,COM,,433,planilla excel 2023
434,COM,,434,planilla excel 2023
435,COM,,435,planilla excel 2023
436,COM,,436,planilla excel 2023
437,COM,,437,planilla excel 2023
438,COM,,438,planilla excel 2023
439,COM,,439,planilla excel 2023
440,COM,,440,planilla excel 2023
441,COM,,441,planilla excel 2023
442,COM,,442,planilla excel 2023
443,COM,,443,planilla excel 2023
444,COM,,444,planilla excel 2023
445,COM,,445,planilla excel 2023
446,COM,,446,planilla excel 2023
447,COM,,447,planilla excel 2023
448,COM,,448,planilla excel 2023
449,COM,,449,planilla excel 2023
450,COM,,450,planilla excel 2023
451,COM,,451,planilla excel 2023
452,COM,,452,planilla excel 2023
453,COM,,453,planilla excel 2023
454,COM,,454,planilla excel 2023
455,COM,,455,planilla excel 2023
456,COM,,456,planilla excel 2023
457,COM,,457,planilla excel 2023
458,COM,,458,planilla excel 2023
459,COM,,459,planilla excel 2023
460,COM,,460,planilla excel 2023
461,COM,,461,planilla excel 2023
462,COM,,462,planilla excel 2023
463,COM,,463,planilla excel 2023
464,COM,,464,planilla excel 2023
465,COM,,465,planilla excel 2023
466,COM,,466,planilla excel 2023
467,COM,,467,planilla excel 2023
468,COM,,468,planilla excel 2023
469,COM,,469,planilla excel 2023
470,COM,,470,planilla excel 2023
471,COM,,471,planilla excel 2023
472,COM,,472,planilla excel 2023
473,COM,,473,planilla excel 2023
474,COM,,474,planilla excel 2023
475,COM,,475,planilla excel 2023
476,COM,,476,planilla excel 2023
477,COM,,477,planilla excel 2023
478,COM,,478,planilla excel 2023
479,COM,,479,planilla excel 2023
480,COM,,480,planilla excel 2023
481,COM,,481,planilla excel 2023
482,COM,,482,planilla excel 2023
483,COM,,483,planilla excel 2023
484,COM,,484,planilla excel 2023
485,COM,,485,planilla excel 2023
486,COM,,486,planilla excel 2023
487,COM,,487,planilla excel 2023
488,COM,,488,planilla excel 2023
489,COM,,489,planilla excel 2023
490,COM,,490,planilla excel 2023
491,COM,,491,planilla excel 2023
492,COM,,492,planilla excel 2023
493,COM,,493,planilla excel 2023
494,COM,,494,planilla excel 2023
495,COM,,495,planilla excel 2023
496,COM,,496,planilla excel 2023
497,COM,,497,planilla excel 2023
498,COM,,498,planilla excel 2023
499,COM,,499,planilla excel 2023
500,COM,,500,planilla excel 2023
501,COM,,501,planilla excel 2023
502,COM,,502,planilla excel 2023
503,COM,,503,planilla excel 2023
504,COM,,504,planilla excel 2023
505,COM,,505,planilla excel 2023
506,COM,,506,planilla excel 2023
507,COM,,507,planilla excel 2023
508,COM,,508,planilla excel 2023
509,COM,,509,planilla excel 2023
510,COM,,510,planilla excel 2023
511,COM,,511,planilla excel 2023
512,COM,,512,planilla excel 2023
513,COM,,513,planilla excel 2023
514,COM,,514,planilla excel 2023
515,COM,,515,planilla excel 2023
516,COM,,516,planilla excel 2023
517,COM,,517,planilla excel 2023
518,COM,,518,planilla excel 2023
519,COM,,519,planilla excel 2023
520,COM,,520,planilla excel 2023
521,COM,,521,planilla excel 2023
522,COM,,522,planilla excel 2023
523,COM,,523,planilla excel 2023
524,COM,,524,planilla excel 2023
525,COM,,525,planilla excel 2023
526,COM,,526,planilla excel 2023
527,COM,,527,planilla excel 2023
528,COM,,528,planilla excel 2023
529,COM,,529,planilla excel 2023
530,COM,,530,planilla excel 2023
531,COM,,531,planilla excel 2023
532,COM,,532,planilla excel 2023
533,COM,,533,planilla excel 2023
534,COM,,534,planilla excel 2023
535,COM,,535,planilla excel 2023
536,COM,,536,planilla excel 2023
537,COM,,537,planilla excel 2023
538,COM,,538,planilla excel 2023
539,COM,,539,planilla excel 2023
540,COM,,540,planilla excel 2023
541,COM,,541,planilla excel 2023
542,COM,,542,planilla excel 2023
543,COM,,543,planilla excel 2023
544,COM,,544,planilla excel 2023
545,COM,,545,planilla excel 2023
546,COM,,546,planilla excel 2023
547,COM,,547,planilla excel 2023
548,COM,,548,planilla excel 2023
549,COM,,549,planilla excel 2023
550,COM,,550,planilla excel 2023
551,COM,,551,planilla excel 2023
552,COM,,552,planilla excel 2023
553,COM,,553,planilla excel 2023
554,COM,,554,planilla excel 2023
555,COM,,555,planilla excel 2023
556,COM,,556,planilla excel 2023
557,COM,,557,planilla excel 2023
558,COM,,558,planilla excel 2023
559,COM,,559,planilla excel 2023
560,COM,,560,planilla excel 2023
561,COM,,561,planilla excel 2023
562,COM,,562,planilla excel 2023
563,COM,,563,planilla excel 2023
564,COM,,564,planilla excel 2023
565,COM,,565,planilla excel 2023
566,COM,,566,planilla excel 2023
567,COM,,567,planilla excel 2023
568,COM,,568,planilla excel 2023
569,COM,,569,planilla excel 2023
570,COM,,570,planilla excel 2023
571,COM,,571,planilla excel 2023
572,COM,,572,planilla excel 2023
573,COM,,573,planilla excel 2023
574,COM,,574,planilla excel 2023
575,COM,,575,planilla excel 2023
576,COM,,576,planilla excel 2023
577,COM,,577,planilla excel 2023
578,COM,,578,planilla excel 2023
579,COM,,579,planilla excel 2023
580,COM,,580,planilla excel 2023
581,COM,,581,planilla excel 2023
582,COM,,582,planilla excel 2023
583,COM,,583,planilla excel 2023
584,COM,,584,planilla excel 2023
585,COM,,585,planilla excel 2023
586,COM,,586,planilla excel 2023
587,COM,,587,planilla excel 2023
588,COM,,588,planilla excel 2023
589,COM,,589,planilla excel 2023
590,COM,,590,planilla excel 2023
591,COM,,591,planilla excel 2023
592,COM,,592,planilla excel 2023
593,COM,,593,planilla excel 2023
594,COM,,594,planilla excel 2023
595,COM,,595,planilla excel 2023
596,COM,,596,planilla excel 2023
597,COM,,597,planilla excel 2023
598,COM,,598,planilla excel 2023
599,COM,,599,planilla excel 2023
600,COM,,600,planilla excel 2023
601,COM,,601,planilla excel 2023
602,COM,,602,planilla excel 2023
603,COM,,603,planilla excel 2023
604,COM,,604,planilla excel 2023
605,COM,,605,planilla excel 2023
606,COM,,606,planilla excel 2023
607,COM,,607,planilla excel 2023
608,COM,,608,planilla excel 2023
609,COM,,609,planilla excel 2023
610,COM,,610,planilla excel 2023
611,COM,,611,planilla excel 2023
612,COM,,612,planilla excel 2023
613,COM,,613,planilla excel 2023
614,COM,,614,planilla excel 2023
615,COM,,615,planilla excel 2023
616,COM,,616,planilla excel 2023
617,COM,,617,planilla excel 2023
618,COM,,618,planilla excel 2023
619,COM,,619,planilla excel 2023
620,COM,,620,planilla excel 2023
621,COM,,621,planilla excel 2023
622,COM,,622,planilla excel 2023
623,COM,,623,planilla excel 2023
624,COM,,624,planilla excel 2023
625,COM,,625,planilla excel 2023
626,COM,,626,planilla excel 2023
627,COM,,627,planilla excel 2023
628,COM,,628,planilla excel 2023
629,COM,,629,planilla excel 2023
630,COM,,630,planilla excel 2023
631,COM,,631,planilla excel 2023
632,COM,,632,planilla excel 2023
633,COM,,633,planilla excel 2023
634,COM,,634,planilla excel 2023
635,COM,,635,planilla excel 2023
636,COM,,636,planilla excel 2023
637,COM,,637,planilla excel 2023
638,COM,,638,planilla excel 2023
639,COM,,639,planilla excel 2023
640,COM,,640,planilla excel 2023
641,COM,,641,planilla excel 2023
642,COM,,642,planilla excel 2023
643,COM,,643,planilla excel 2023
644,COM,,644,planilla excel 2023
645,COM,,645,planilla excel 2023
646,COM,,646,planilla excel 2023
647,COM,,647,planilla excel 2023
648,COM,,648,planilla excel 2023
649,COM,,649,planilla excel 2023
650,COM,,650,planilla excel 2023
651,COM,,651,planilla excel 2023
652,COM,,652,planilla excel 2023
653,COM,,653,planilla excel 2023
654,COM,,654,planilla excel 2023
655,COM,,655,planilla excel 2023
656,COM,,656,planilla excel 2023
657,COM,,657,planilla excel 2023
658,COM,,658,planilla excel 2023
659,COM,,659,planilla excel 2023
660,COM,,660,planilla excel 2023
661,COM,,661,planilla excel 2023
662,COM,,662,planilla excel 2023
663,COM,,663,planilla excel 2023
664,COM,,664,planilla excel 2023
665,COM,,665,planilla excel 2023
666,COM,,666,planilla excel 2023
667,COM,,667,planilla excel 2023
668,COM,,668,planilla excel 2023
669,COM,,669,planilla excel 2023
670,COM,,670,planilla excel 2023
671,COM,,671,planilla excel 2023
672,COM,,672,planilla excel 2023
673,COM,,673,planilla excel 2023
674,COM,,674,planilla excel 2023
675,COM,,675,planilla excel 2023
676,COM,,676,planilla excel 2023
677,COM,,677,planilla excel 2023
678,COM,,678,planilla excel 2023
679,COM,,679,planilla excel 2023
680,COM,,680,planilla excel 2023
681,COM,,681,planilla excel 2023
682,COM,,682,planilla excel 2023
683,COM,,683,planilla excel 2023
684,COM,,684,planilla excel 2023
685,COM,,685,planilla excel 2023
686,COM,,686,planilla excel 2023
687,COM,,687,planilla excel 2023
688,COM,,688,planilla excel 2023
689,COM,,689,planilla excel 2023
690,COM,,690,planilla excel 2023
691,COM,,691,planilla excel 2023
692,COM,,692,planilla excel 2023
693,COM,,693,planilla excel 2023
694,COM,,694,planilla excel 2023
695,COM,,695,planilla excel 2023
696,COM,,696,planilla excel 2023
697,COM,,697,planilla excel 2023
698,COM,,698,planilla excel 2023
699,COM,,699,planilla excel 2023
700,COM,,700,planilla excel 2023
701,COM,,701,planilla excel 2023
702,COM,,702,planilla excel 2023
703,COM,,703,planilla excel 2023
704,COM,,704,planilla excel 2023
705,COM,,705,planilla excel 2023
706,COM,,706,planilla excel 2023
707,COM,,707,planilla excel 2023
708,COM,,708,planilla excel 2023
709,COM,,709,planilla excel 2023
710,COM,,710,planilla excel 2023
711,COM,,711,planilla excel 2023
712,COM,,712,planilla excel 2023
713,COM,,713,planilla excel 2023
714,COM,,714,planilla excel 2023
715,COM,,715,planilla excel 2023
716,COM,,716,planilla excel 2023
717,COM,,717,planilla excel 2023
718,COM,,718,planilla excel 2023
719,COM,,719,planilla excel 2023
720,COM,,720,planilla excel 2023
721,COM,,721,planilla excel 2023
722,COM,,722,planilla excel 2023
723,COM,,723,planilla excel 2023
724,COM,,724,planilla excel 2023
725,COM,,725,planilla excel 2023
726,COM,,726,planilla excel 2023
727,COM,,727,planilla excel 2023
728,COM,,728,planilla excel 2023
729,COM,,729,planilla excel 2023
730,COM,,730,planilla excel 2023
731,COM,,731,planilla excel 2023
732,COM,,732,planilla excel 2023
733,COM,,733,planilla excel 2023
734,COM,,734,planilla excel 2023
735,COM,,735,planilla excel 2023
736,COM,,736,planilla excel 2023
737,COM,,737,planilla excel 2023
738,COM,,738,planilla excel 2023
739,COM,,739,planilla excel 2023
740,COM,,740,planilla excel 2023
741,COM,,741,planilla excel 2023
742,COM,,742,planilla excel 2023
743,COM,,743,planilla excel 2023
744,COM,,744,planilla excel 2023
745,COM,,745,planilla excel 2023
746,COM,,746,planilla excel 2023
747,COM,,747,planilla excel 2023
748,COM,,748,planilla excel 2023
749,COM,,749,planilla excel 2023
750,COM,,750,planilla excel 2023
751,COM,,751,planilla excel 2023
752,COM,,752,planilla excel 2023
753,COM,,753,planilla excel 2023
754,COM,,754,planilla excel 2023
755,COM,,755,planilla excel 2023
756,COM,,756,planilla excel 2023
757,COM,,757,planilla excel 2023
758,COM,,758,planilla excel 2023
759,COM,,759,planilla excel 2023
760,COM,,760,planilla excel 2023
761,COM,,761,planilla excel 2023
762,COM,,762,planilla excel 2023
763,COM,,763,planilla excel 2023
764,COM,,764,planilla excel 2023
765,COM,,765,planilla excel 2023
766,COM,,766,planilla excel 2023
767,COM,,767,planilla excel 2023
768,COM,,768,planilla excel 2023
769,COM,,769,planilla excel 2023
770,COM,,770,planilla excel 2023
771,COM,,771,planilla excel 2023
772,COM,,772,planilla excel 2023
773,COM,,773,planilla excel 2023
774,COM,,774,planilla excel 2023
775,COM,,775,planilla excel 2023
776,COM,,776,planilla excel 2023
777,COM,,777,planilla excel 2023
778,COM,,778,planilla excel 2023
779,COM,,779,planilla excel 2023
780,COM,,780,planilla excel 2023
781,COM,,781,planilla excel 2023
782,COM,,782,planilla excel 2023
783,COM,,783,planilla excel 2023
784,COM,,784,planilla excel 2023
785,COM,,785,planilla excel 2023
786,COM,,786,planilla excel 2023
787,COM,,787,planilla excel 2023
788,COM,,788,planilla excel 2023
789,COM,,789,planilla excel 2023
790,COM,,790,planilla excel 2023
791,COM,,791,planilla excel 2023
792,COM,,792,planilla excel 2023
793,COM,,793,planilla excel 2023
794,COM,,794,planilla excel 2023
795,COM,,795,planilla excel 2023
796,COM,,796,planilla excel 2023
797,COM,,797,planilla excel 2023
798,COM,,798,planilla excel 2023
799,COM,,799,planilla excel 2023
800,COM,,800,planilla excel 2023
801,COM,,801,planilla excel 2023
802,COM,,802,planilla excel 2023
803,COM,,803,planilla excel 2023
804,COM,,804,planilla excel 2023
805,COM,,805,planilla excel 2023
806,COM,,806,planilla excel 2023
807,COM,,807,planilla excel 2023
808,COM,,808,planilla excel 2023
809,COM,,809,planilla excel 2023
810,COM,,810,planilla excel 2023
811,COM,,811,planilla excel 2023
812,COM,,812,planilla excel 2023
813,COM,,813,planilla excel 2023
814,COM,,814,planilla excel 2023
815,COM,,815,planilla excel 2023
816,COM,,816,planilla excel 2023
817,COM,,817,planilla excel 2023
818,COM,,818,planilla excel 2023
819,COM,,819,planilla excel 2023
820,COM,,820,planilla excel 2023
821,COM,,821,planilla excel 2023
822,COM,,822,planilla excel 2023
823,COM,,823,planilla excel 2023
824,COM,,824,planilla excel 2023
825,COM,,825,planilla excel 2023
826,COM,,826,planilla excel 2023
827,COM,,827,planilla excel 2023
828,COM,,828,planilla excel 2023
829,COM,,829,planilla excel 2023
830,COM,,830,planilla excel 2023
831,COM,,831,planilla excel 2023
832,COM,,832,planilla excel 2023
833,COM,,833,planilla excel 2023
834,COM,,834,planilla excel 2023
835,COM,,835,planilla excel 2023
836,COM,,836,planilla excel 2023
837,COM,,837,planilla excel 2023
838,COM,,838,planilla excel 2023
839,COM,,839,planilla excel 2023
840,COM,,840,planilla excel 2023
841,COM,,841,planilla excel 2023
842,COM,,842,planilla excel 2023
843,COM,,843,planilla excel 2023
844,COM,,844,planilla excel 2023
845,COM,,845,planilla excel 2023
846,COM,,846,planilla excel 2023
847,COM,,847,planilla excel 2023
848,COM,,848,planilla excel 2023
849,COM,,849,planilla excel 2023
850,COM,,850,planilla excel 2023
851,COM,,851,planilla excel 2023
852,COM,,852,planilla excel 2023
853,COM,,853,planilla excel 2023
854,COM,,854,planilla excel 2023
855,COM,,855,planilla excel 2023
856,COM,,856,planilla excel 2023
857,COM,,857,planilla excel 2023
858,COM,,858,planilla excel 2023
859,COM,,859,planilla excel 2023
860,COM,,860,planilla excel 2023
861,COM,,861,planilla excel 2023
862,COM,,862,planilla excel 2023
863,COM,,863,planilla excel 2023
864,COM,,864,planilla excel 2023
865,COM,,865,planilla excel 2023
866,COM,,866,planilla excel 2023
867,COM,,867,planilla excel 2023
868,COM,,868,planilla excel 2023
869,COM,,869,planilla excel 2023
870,COM,,870,planilla excel 2023
871,COM,,871,planilla excel 2023
872,COM,,872,planilla excel 2023
873,COM,,873,planilla excel 2023
874,COM,,874,planilla excel 2023
875,COM,,875,planilla excel 2023
876,COM,,876,planilla excel 2023
877,COM,,877,planilla excel 2023
878,COM,,878,planilla excel 2023
879,COM,,879,planilla excel 2023
880,COM,,880,planilla excel 2023
881,COM,,881,planilla excel 2023
882,COM,,882,planilla excel 2023
883,COM,,883,planilla excel 2023
884,COM,,884,planilla excel 2023
885,COM,,885,planilla excel 2023
886,COM,,886,planilla excel 2023
887,COM,,887,planilla excel 2023
888,COM,,888,planilla excel 2023
889,COM,,889,planilla excel 2023
890,COM,,890,planilla excel 2023
891,COM,,891,planilla excel 2023
892,COM,,892,planilla excel 2023
893,COM,,893,planilla excel 2023
894,COM,,894,planilla excel 2023
895,COM,,895,planilla excel 2023
896,COM,,896,planilla excel 2023
897,COM,,897,planilla excel 2023
898,COM,,898,planilla excel 2023
899,COM,,899,planilla excel 2023
900,COM,,900,planilla excel 2023
901,COM,,901,planilla excel 2023
902,COM,,902,planilla excel 2023
903,COM,,903,planilla excel 2023
904,COM,,904,planilla excel 2023
905,COM,,905,planilla excel 2023
906,COM,,906,planilla excel 2023
907,COM,,907,planilla excel 2023
908,COM,,908,planilla excel 2023
909,COM,,909,planilla excel 2023
910,COM,,910,planilla excel 2023
911,COM,,911,planilla excel 2023
912,COM,,912,planilla excel 2023
913,COM,,913,planilla excel 2023
914,COM,,914,planilla excel 2023
915,COM,,915,planilla excel 2023
916,COM,,916,planilla excel 2023
917,COM,,917,planilla excel 2023
918,COM,,918,planilla excel 2023
919,COM,,919,planilla excel 2023
920,COM,,920,planilla excel 2023
921,COM,,921,planilla excel 2023
922,COM,,922,planilla excel 2023
923,COM,,923,planilla excel 2023
924,COM,,924,planilla excel 2023
925,COM,,925,planilla excel 2023
926,COM,,926,planilla excel 2023
927,COM,,927,planilla excel 2023
928,COM,,928,planilla excel 2023
929,COM,,929,planilla excel 2023
930,COM,,930,planilla excel 2023
931,COM,,931,planilla excel 2023
932,COM,,932,planilla excel 2023
933,COM,,933,planilla excel 2023
934,COM,,934,planilla excel 2023
935,COM,,935,planilla excel 2023
936,COM,,936,planilla excel 2023
937,COM,,937,planilla excel 2023
938,COM,,938,planilla excel 2023
939,COM,,939,planilla excel 2023
940,COM,,940,planilla excel 2023
941,COM,,941,planilla excel 2023
942,COM,,942,planilla excel 2023
943,COM,,943,planilla excel 2023
944,COM,,944,planilla excel 2023
945,COM,,945,planilla excel 2023
946,COM,,946,planilla excel 2023
947,COM,,947,planilla excel 2023
948,COM,,948,planilla excel 2023
949,COM,,949,planilla excel 2023
950,COM,,950,planilla excel 2023
951,COM,,951,planilla excel 2023
952,COM,,952,planilla excel 2023
953,COM,,953,planilla excel 2023
954,COM,,954,planilla excel 2023
955,COM,,955,planilla excel 2023
956,COM,,956,planilla excel 2023
957,COM,,957,planilla excel 2023
958,COM,,958,planilla excel 2023
959,COM,,959,planilla excel 2023
960,COM,,960,planilla excel 2023
961,COM,,961,planilla excel 2023
962,COM,,962,planilla excel 2023
963,COM,,963,planilla excel 2023
964,COM,,964,planilla excel 2023
965,COM,,965,planilla excel 2023
966,COM,,966,planilla excel 2023
967,COM,,967,planilla excel 2023
968,COM,,968,planilla excel 2023
969,COM,,969,planilla excel 2023
970,COM,,970,planilla excel 2023
971,COM,,971,planilla excel 2023
972,COM,,972,planilla excel 2023
973,COM,,973,planilla excel 2023
974,COM,,974,planilla excel 2023
975,COM,,975,planilla excel 2023
976,COM,,976,planilla excel 2023
977,COM,,977,planilla excel 2023
978,COM,,978,planilla excel 2023
979,COM,,979,planilla excel 2023
980,COM,,980,planilla excel 2023
981,COM,,981,planilla excel 2023
982,COM,,982,planilla excel 2023
983,COM,,983,planilla excel 2023
984,COM,,984,planilla excel 2023
985,COM,,985,planilla excel 2023
986,COM,,986,planilla excel 2023
987,COM,,987,planilla excel 2023
988,COM,,988,planilla excel 2023
989,COM,,989,planilla excel 2023
990,COM,,990,planilla excel 2023
991,COM,,991,planilla excel 2023
992,COM,,992,planilla excel 2023
993,COM,,993,planilla excel 2023
994,COM,,994,planilla excel 2023
995,COM,,995,planilla excel 2023
996,COM,,996,planilla excel 2023
997,COM,,997,planilla excel 2023
998,COM,,998,planilla excel 2023
999,COM,,999,planilla excel 2023
1000,COM,,1000,planilla excel 2023
1001,COM,,1001,planilla excel 2023
1002,COM,,1002,planilla excel 2023
1003,COM,,1003,planilla excel 2023
1004,COM,,1004,planilla excel 2023
1005,COM,,1005,planilla excel 2023
1006,COM,,1006,planilla excel 2023
1007,COM,,1007,planilla excel 2023
1008,COM,,1008,planilla excel 2023
1009,COM,,1009,planilla excel 2023
1010,COM,,1010,planilla excel 2023
1011,COM,,1011,planilla excel 2023
1012,COM,,1012,planilla excel 2023
1013,COM,,1013,planilla excel 2023
1014,COM,,1014,planilla excel 2023
1015,COM,,1015,planilla excel 2023
1016,COM,,1016,planilla excel 2023
1017,COM,,1017,planilla excel 2023
1018,COM,,1018,planilla excel 2023
1019,COM,,1019,planilla excel 2023
1020,COM,,1020,planilla excel 2023
1021,COM,,1021,planilla excel 2023
1022,COM,,1022,planilla excel 2023
1023,COM,,1023,planilla excel 2023
1024,COM,,1024,planilla excel 2023
1025,COM,,1025,planilla excel 2023
1026,COM,,1026,planilla excel 2023
1027,COM,,1027,planilla excel 2023
1028,COM,,1028,planilla excel 2023
1029,COM,,1029,planilla excel 2023
1030,COM,,1030,planilla excel 2023
1031,COM,,1031,planilla excel 2023
1032,COM,,1032,planilla excel 2023
1033,COM,,1033,planilla excel 2023
1034,COM,,1034,planilla excel 2023
1035,COM,,1035,planilla excel 2023
1036,COM,,1036,planilla excel 2023
1037,COM,,1037,planilla excel 2023
1038,COM,,1038,planilla excel 2023
1039,COM,,1039,planilla excel 2023
1040,COM,,1040,planilla excel 2023
1041,COM,,1041,planilla excel 2023
1042,COM,,1042,planilla excel 2023
1043,COM,,1043,planilla excel 2023
1044,COM,,1044,planilla excel 2023
1045,COM,,1045,planilla excel 2023
1046,COM,,1046,planilla excel 2023
1047,COM,,1047,planilla excel 2023
1048,COM,,1048,planilla excel 2023
1049,COM,,1049,planilla excel 2023
1050,COM,,1050,planilla excel 2023
1051,COM,,1051,planilla excel 2023
1052,COM,,1052,planilla excel 2023
1053,COM,,1053,planilla excel 2023
1054,COM,,1054,planilla excel 2023
1055,COM,,1055,planilla excel 2023
1056,COM,,1056,planilla excel 2023
1057,COM,,1057,planilla excel 2023
1058,COM,,1058,planilla excel 2023
1059,COM,,1059,planilla excel 2023
1060,COM,,1060,planilla excel 2023
1061,COM,,1061,planilla excel 2023
1062,COM,,1062,planilla excel 2023
1063,COM,,1063,planilla excel 2023
1064,COM,,1064,planilla excel 2023
1065,COM,,1065,planilla excel 2023
1066,COM,,1066,planilla excel 2023
1067,COM,,1067,planilla excel 2023
1068,COM,,1068,planilla excel 2023
1069,COM,,1069,planilla excel 2023
1070,COM,,1070,planilla excel 2023
1071,COM,,1071,planilla excel 2023
1072,COM,,1072,planilla excel 2023
1073,COM,,1073,planilla excel 2023
1074,COM,,1074,planilla excel 2023
1075,COM,,1075,planilla excel 2023
1076,COM,,1076,planilla excel 2023
1077,COM,,1077,planilla excel 2023
1078,COM,,1078,planilla excel 2023
1079,COM,,1079,planilla excel 2023
1080,COM,,1080,planilla excel 2023
1081,COM,,1081,planilla excel 2023
1082,COM,,1082,planilla excel 2023
1083,COM,,1083,planilla excel 2023
1084,COM,,1084,planilla excel 2023
1085,COM,,1085,planilla excel 2023